insert into game(game_id, season, type_, date_time, away_team_id, home_team_id, away_goals, home_goals,	outcome) values
(2016020045, 20162017, 'R', '2016-10-19T00:30:00Z', 1, 16, 7, 7, 'home win REG'),
(2017020812, 20172018, 'R', '2018-02-07T00:00:00Z', 4, 7, 4, 3, 'away win OT'),
(2015020314, 20152016, 'R', '2015-11-24T01:00:00Z', 26, 52, 2, 1, 'away win REG'),
(2015020849, 20152016, 'R', '2016-02-17T00:00:00Z', 14, 12, 1, 2, 'home win REG'),
(2017020586, 20172018, 'R', '2017-12-30T03:00:00Z', 6, 24, 3, 8, 'home win REG');

insert into game_plays(play_id,	game_id, team_id_for, team_id_against, event_, period_, periodType, periodTime) values
('2016020045_1', 2016020045, 0, 1, 'Game scheduled', 1, 'REGULAR', 0),
('2016020045_2', 2016020045, 0, 1, 'Period Ready', 1, 'REGULAR', 0),
('2016020045_3', 2016020045, 0, 1, 'Period Start', 1, 'REGULAR', 0),
('2016020045_4', 2016020045, 16, 4, 'Faceoff', 1, 'REGULAR', 0),
('2016020045_5', 2016020045, 16, 4, 'Shot', 1, 'REGULAR', 54);

insert into player_info(player_id, firstName, lastName, nationality, primaryPosition, birthDate) values 
(8466148, 'Marian', 'Hossa', 'SVK', 'RW', '1979-01-12 00:00:00'),
(8465058, 'Michal', 'Rozsival', 'CZE', 'D', '1978-09-03 01:00:00'),
(8476906, 'Shayne', 'Gostisbehere', 'USA', 'D', '1993-04-20 01:00:00'),
(8466285, 'Brian', 'Campbell', 'CAN', 'D', '1979-05-23 01:00:00'),
(8470607, 'Brent', 'Seabrook', 'CAN', 'D', '1985-04-20 01:00:00');

insert into game_plays_players(play_id,	player_id, playerType) values
('2016020045_4', 8466148, 'Winner'),
('2016020045_4', 8465058, 'Loser'),
('2016020045_5', 8476906, 'Shooter'),
('2016020045_5', 8466285, 'Goalie'),
('2016020045_2', 8470607, 'Scorer'),
('2016020045_4', 8466285, 'Assist'),
('2016020045_5', 8470607, 'Assist'),
('2016020045_3', 8476906, 'Goalie'),
('2016020045_1', 8465058, 'Winner'),
('2016020045_3', 8466148, 'Shooter'),
('2016020045_2', 8465058, 'Winner');

insert into team_info(team_id, franchiseId,	shortName, teamName, abbreviation, link_) values
(1, 23, 'New Jersey', 'Devils', 'NJD', '/api/v1/teams/1'),
(4, 16, 'Philadelphia', 'Flyers', 'PHI', '/api/v1/teams/4'),
(26, 14, 'Los Angeles', 'Kings', 'LAK', '/api/v1/teams/26'),
(14, 31, 'Tampa Bay', 'Lightning', 'TBL', '/api/v1/teams/14'),
(6, 6, 'Boston', 'Bruins', 'BOS', '/api/v1/teams/6');

insert into game_skater_stats(game_id, player_id, team_id, timeOnice, assists, goals, shots, hits, takeaways, giveaways) values
(2016020045, 8466148, 26, 955, 1, 3, 9, 2, 1, 0),
(2016020045, 8465058, 26, 1396, 1, 1, 4, 2, 1, 2),
(2016020045, 8476906, 26, 915, 0, 2, 5, 1, 2, 0),
(2016020045, 8466285, 26, 1367, 3, 0, 3, 0, 0, 0),
(2016020045, 8470607, 26, 676, 0, 1, 7, 2, 0, 1),

(2017020812, 8466148, 1, 255, 1, 0, 2, 2, 1, 0),
(2017020812, 8465058, 1, 1496, 1, 0, 4, 2, 1, 2),
(2017020812, 8476906, 1, 315, 0, 2, 7, 1, 2, 0),
(2017020812, 8466285, 1, 867, 3, 0, 3, 0, 0, 0),
(2017020812, 8470607, 1, 276, 0, 1, 8, 2, 0, 1),

(2015020314, 8466148, 14, 255, 1, 0, 0, 2, 1, 0),
(2015020314, 8465058, 14, 1496, 1, 0, 1, 2, 1, 2),
(2015020314, 8476906, 14, 315, 0, 0, 2, 1, 2, 0),
(2015020314, 8466285, 14, 867, 3, 0, 4, 0, 0, 0),
(2015020314, 8470607, 14, 276, 0, 1, 3, 2, 0, 1),

(2015020849, 8466148, 6, 255, 1, 0, 2, 2, 1, 0),
(2015020849, 8465058, 6, 1496, 1, 0, 4, 2, 1, 2),
(2015020849, 8476906, 6, 315, 0, 1, 7, 1, 2, 0),
(2015020849, 8466285, 6, 867, 3, 1, 9, 0, 0, 0),
(2015020849, 8470607, 6, 276, 0, 0, 1, 2, 0, 1),

(2017020586, 8466148, 4, 255, 1, 2, 9, 2, 1, 0),
(2017020586, 8465058, 4, 1496, 1, 3, 12, 2, 1, 2),
(2017020586, 8476906, 4, 315, 0, 1, 7, 1, 2, 0),
(2017020586, 8466285, 4, 867, 3, 2, 9, 0, 0, 0),
(2017020586, 8470607, 4, 276, 0, 0, 1, 2, 0, 1);


insert into game_goalie_stats(game_id, player_id, team_id, timeOnice, assists, goals, shots, hits, saves) values
(2016020045, 8466148, 4, 1504, 0, 0, 16, 2, 12),
(2016020045, 8465058, 4, 2011, 0, 0, 11, 2, 9),
(2016020045, 8476906, 26, 3598, 0, 0, 27, 1, 23),
(2016020045, 8466285, 14, 3696, 0, 0, 33, 0, 30),
(2016020045, 8470607, 6, 3539, 0, 0, 33, 2, 29);